,اسم الكتاب,اسم المؤلف,السعر,سنة النشر,دار النشر,غلاف الكتاب,ردك,رقم المنتج,عرض اسبوعي
43,أسرار,كنوت هامسن,36,2016,مسكيلياني للنشر والتوزيع,غلاف عادي,9789938833621,1024525,1
1,أمنيتي أن أقتل رجلاً : خطة لقتل رجل دون دليل,سعاد الشامسي,64,2018,مداد للنشر والتوزيع,غلاف ورقي,9789948101796,4201684,1
9,أنوثة طاغية,هالة غبان,36,2017,مركز الأدب العربي للنشر,غلاف ورقي,9786030233779,5001326,1
42,إتيكيت الروح,لطيفة سعيد اللوغاني,54,2016,دريم بوك,غلاف ورقي,9789996679001,4101289,1
27,استمع للكتب بشكل غير محدود مع الراوي : 6 أشهر من الاستماع اللامحدود,غير متوفر,320,غير متوفر,الراوي,غير متوفر,غير متوفر,1029963,1
40,الإيمان والعصر,عمرو خالد,20,2015,سما للنشر والتوزيع-مصر,غلاف ورقي,9789777810302,9006637,1
5,التسويق بإختصار,حسين إسماعيل,23,2018,نشر خاص,غلاف كرتوني,9789957327385,1031538,1
3,الراقصون تحت المطر,ساجد العبدلي,33,2016,دار مدارك للنشر,غلاف ورقي,9786144299203,5001002,1
7,السيرة مستمرة,أحمد خيري العمري,54,2018,عصير الكتب للنشر   والتوزيع,غلاف كرتوني,9789776541542,9006527,1
8,الطاووس,محمد دييغو,50,2017,دار ابن النفيس للنشر,غلاف ورقي,غير متوفر,4101330,1
6,الطبخ العربي : خطوة . . خطوة,لينة شبارو ، ندى حلواني,75,1997,الدار العربية للعلوم ناشرون,ورقي غلاف كرتوني,لا يوجد,3086905,1
17,العالم من عينيها,نادين القطامين,16,2016,نشر خاص,غلاف ورقي,غير متوفر,1031593,1
33,الغباء الأزلي,ليلى باعطية,30,2017,نشر خاص,غلاف ورقي,غير متوفر,5001857,1
37,اليهودي والفتاة العربية : قصة الحب الخالدة,عبد الوهاب آل مرعي,47,2016,مكتبة العبيكان,غلاف ورقي,9786035039604,5000442,1
4,بكامل قواي القلبية,سعيد بن مانع,21,2015,مركز الأدب العربي للنشر,غلاف ورقي,9786030117888,5000468,1
30,تجاوز,زين  عبدالله,33,2016,دار مدارك للنشر,غلاف ورقي,9786144299647,3094937,1
18,تجربتي في ربع قرن,محمد العريفي,21,2016,دار الحضارة للنشر والتوزيع _ السعودية,غلاف عادي,978663063654,5000532,1
20,تحت سقف الحياة,عهود الخليوي,31,2017,دار تفاصيل الكلم للنشر والتوزيع,غلاف ورقي,9786039097952,5001847,1
26,تفسير ابن عربي,ابن عربي,54,1-1-2001,دار الكتب العلمية,غلاف فني,9782745133427,3034650,1
21,جاري الكتابة,علي نجم,57,2017,منشورات ذات السلاسل -الكويت,غلاف ورقي,9789996696923,4101362,1
46,جربت وبقولك : من المراهقة حتى الزواج,سهاد فليفل,41,2018,مركز الأدب العربي للنشر,غلاف ورقي,9786038241240,5002974,1
35,حتى مطلع الشغف,موسى برهومة,33,2017,المركز الثقافي للكتاب,غلاف ورقي,9789954705018,1029363,1
34,حمام الدار,سعود السنعوسي,19,2017,الدار العربية للعلوم ناشرون,غلاف ورقي,9786140123779,3103085,1
14,خفايا الروح,رزان زمزم,23,2017,دار أسامة للنشر والتوزيع,غلاف ورقي,9789957227586,1029902,1
23,زحمة حكي,علي نجم,50,2016,منشورات ذات  السلاسل,غلاف ورقي,9789996680427,4100880,1
45,صلعة جدي,ناهد الشوا,18,2011,دار نون للنشر والتوزيع,غلاف ورقي,9786030069811,1018789,1
11,عن الأسلوب المتأخر : موسيقى وأدب عكس التيار,إدوارد سعيد,36,2014,دار الآداب,غلاف ورقي,9789953894751,30902883,1
12,عن الأسلوب المتأخر : موسيقى وأدب عكس التيار,إدوارد سعيد,36,2014,دار الآداب,غلاف ورقي,9789953894751,30902883,1
2,فن التواصل مع الذات,عادل القاضي,40,2016,اكتشف ذاتك ,غلاف ورقي,9789954983157,1029143,1
24,قضية الفائدة,طارق الديواني,60,2005,مؤسسة سهيل طرابلسي,غلاف عادي,غير متوفر,1023202,1
36,قطيع القرابين,رئبال نوفل الغجري,33,2017,دار أرواد للطباعة والنشر,غلاف ورقي,غير متوفر,1027579,1
25,قواعد الدماغ لشيخوخة جيدة : 10 مبادئ لتبقى في حيوية سعادة، ونشاط,جون مدينة,57,2018,ملهمون للنشر والتوزيع,غلاف ورقي,9789948396963,4202343,1
44,قوة التسامح : نهج حياة وتعبير عن القوة,رولا المعايطة ، صالح حموري,40,2019,نشر خاص,غلاف ورقي,9789923734049,1033300,1
16,كيف؟ مهارات البقاء على قيد الحياة,هشام العوضي,33,2016,دار مدارك للنشر,غلاف ورقي,9786144299180,5001005,1
32,لا يا حلوة,ناهد الشوا,18,2012,دار نون للنشر والتوزيع,غلاف ورقي,9786030094189,1018779,1
29,مأمون القانوني,ديك الجن,37,2017,عصير الكتب للنشر والتوزيع,غلاف ورقي,9789776541313,9005347,1
22,ما أعرفه على وجه اليقين,أوبرا وينفري,44,2016,مكتبة جرير,غلاف كرتوني,6281072087937,5001512,1
41,مذكرات د. مصطفى محمود,السيد الحراني,30,2018,اكتب للنشر والتوزيع,غلاف ورقي,9789774882234,9006033,1
13,مسائل الخلاف بين الأشاعرة والماتريدية,طه السامرائي,13,2006,دار الكتب العلمية,غلاف ورقي,2745151371,1013608,1
38,من قتل شهريار ؟!,محمد الرحبي,17,2015,بيت الغشام للصحافة والنشر - سلطنة عمان,غلاف ورقي,9789996959639,1030909,1
39,مناهج النقد الأدبي الحديث : رؤية إسلامية,وليد قصاب,21,2007,دار الفكر المعاصر,غلاف ورقي,1592396704,3065024,1
0,هذا الكون ما ضميره,عبدالله القصيمي,33,2001,مؤسسة الانتشار العربي,غلاف ورقي,9786144040119,1006643,1
19,وصايا,محمد الرطيان,13,2013,دار مدارك للنشر,غلاف ورقي,9786144290231,3088892,1
0,سلسلة الطبخ العالمي : الطبخ الإندونيسي خطوة خطوة,صدوف كمال،سيما عثمان,13,1991,دار العلم للملايين,غلاف ورقي,9789953631868,1001016,0
1,سلسلة الطبخ العالمي : الطبخ اليوناني خطوة خطوة,صدوف كمال،سيما عثمان,13,1996,دار العلم للملايين,غلاف ورقي,9789953631516,1001023,0
2,سلسلة الطبخ العالمي : أطباق الكاري,صدوف كمال،سيما عثمان,13,2011,دار العلم للملايين,غلاف ورقي,9789953630120,1001026,0
3,أمراء الشعر العربي في العصر العباسي,أنيس المقدسي,37,2008,دار العلم للملايين,غلاف ورقي,9789953909035,1000734,0
4,ذو الرمة,صالح آغا,30,1998,دار العلم للملايين,غلاف ورقي,9953910472,1000802,0
5,التربية : قديمها وحديثها,فاخر عاقل,45,1985,دار العلم للملايين,غلاف كرتوني,9953925127,1000936,0
6,أصول علم النفس وتطبيقاته,فاخر عاقل,28,1989,دار العلم للملايين,غلاف ورقي,9953927030,1000959,0
7,فارس بني عبس,حسن القرشي,18,1995,دار العلم للملايين,غلاف ورقي,9953929181,1000973,0
8,المقبلات اللبنانية : المازة,صدوف كمال، سيما عثمان,13,2010,دار العلم للملايين,غلاف ورقي,9789953635347,1001008,0
9,سلسلة الطبخ العالمي : حلويات الشاي,صدوف كمال، سيما عثمان,13,1996,دار العلم للملايين,غلاف ورقي,9789953636139,1001020,0
10,سلسلة الطبخ العالمي : الطبخ الإسباني خطوة خطوة,صدوف كمال،سيما عثمان,13,1990,دار العلم للملايين,غلاف ورقي,9789953631509,1001014,0
11,سلسلة الطبخ العالمي : أطباق قليلة الدسم,صدوف كمال،سيما عثمان,13,2009,دار العلم للملايين,غلاف ورقي,9789953633565,1001001,0
12,عمر ابن أبي ربيعة 1-3,جبرائيل جبور,82,1981,دار العلم للملايين,غلاف كرتوني,9953909431,1000750,0
13,سلسلة الطبخ العالمي : الكاتو السريع,صدوف كمال،سيما عثمان,13,2011,دار العلم للملايين,غلاف ورقي,9789953630137,1001025,0
14,سلسلة ديوان النهضة : الشيخ الإمام محمد بن عبد الوهاب,أدونيس ، خالدة سعيد,18,1983,دار العلم للملايين,غلاف ورقي,9953909679,1000760,0
15,سلسلة الطبخ العالمي : وجبات المطاعم سريعة التحضير,صدوف كمال،سيما عثمان,13,2007,دار العلم للملايين,غلاف ورقي,9789953633541,1000999,0
16,سلسلة الطبخ العالمي : المشاوي الطبخ على الباربكيو,صدوف كمال،سيما عثمان,13,2010,دار العلم للملايين,غلاف ورقي,9789953630892,1001017,0
17,فؤاد صروف 2-1,فؤاد صروف,63,1986,دار العلم للملايين,غلاف كرتوني,9953910154,1001928,0
18,الثورة التكنولوجية في التربية,عبد الله عبد الدايم,22,1974,دار العلم للملايين,غلاف ورقي, ,1000939,0
19,سلسلة الطبخ العالمي :الطبخ الهندي خطوة خطوة,صدوف كمال،سيما عثمان,13,1996,دار العلم للملايين,غلاف ورقي,9789953631158,1001009,0
20,سلسلة الطبخ العالمي : المعجنات الشهية,صدوف كمال،سيما عثمان,13,2010,دار العلم للملايين,غلاف ورقي,9789953631189,1001048,0
21,سلسلة الطبخ العالمي : أطباق الكاري,صدوف كمال،سيما عثمان,13,2011,دار العلم للملايين,غلاف ورقي,9789953630120,1001026,0
22,سلسلة الطبخ العالمي : الطبخ الإندونيسي خطوة خطوة,صدوف كمال،سيما عثمان,13,1991,دار العلم للملايين,غلاف ورقي,9789953631868,1001016,0
23,المختبر المدرسي ودوره في تدريس العلوم,جميل شاهين ، خولة حطاب,82,2008,دار عالم الثقافة للنشر والتوزيع,غلاف كرتوني,9789957360108,1003676,0
24,فؤاد صروف 2-1,فؤاد صروف,63,1986,دار العلم للملايين,غلاف كرتوني,9953910154,1001928,0
25,سلسلة الطبخ العالمي : الطبخ اليوناني خطوة خطوة,صدوف كمال،سيما عثمان,13,1996,دار العلم للملايين,غلاف ورقي,9789953631516,1001023,0
26,استراتيجيات معاصرة في تدريس التربية الإسلامية : رؤية نظرية تطبيقية,مجموعة من المؤلفين,82,2015,دار عالم الثقافة للنشر والتوزيع,غلاف كرتوني,9789957730376,1003666,0
27,أصول علم النفس وتطبيقاته,فاخر عاقل,28,1989,دار العلم للملايين,غلاف ورقي,9953927030,1000959,0
28,المقبلات اللبنانية : المازة,صدوف كمال، سيما عثمان,13,2010,دار العلم للملايين,غلاف ورقي,9789953635347,1001008,0
29,سلسلة الطبخ العالمي : الكاتو السريع,صدوف كمال،سيما عثمان,13,2011,دار العلم للملايين,غلاف ورقي,9789953630137,1001025,0
30,سلسلة الطبخ العالمي : الطبخ النباتي : وصفات صحية شرقية من دون لحم,صدوف كمال،سيما عثمان,13,2003,دار العلم للملايين,غلاف ورقي,9789953630144,1001053,0
31,الإيحاء العقلي,أحمد حجازي,75,2011,دار عالم الثقافة للنشر والتوزيع,غلاف كرتوني,9799957423635,1003670,0
32,سلسلة الطبخ العالمي : المشاوي الطبخ على الباربكيو,صدوف كمال،سيما عثمان,13,2010,دار العلم للملايين,غلاف ورقي,9789953630892,1001017,0
33,سلسلة الطبخ العالمي : الطبخ الإسباني خطوة خطوة,صدوف كمال،سيما عثمان,13,1990,دار العلم للملايين,غلاف ورقي,9789953631509,1001014,0
34,فارس بني عبس,حسن القرشي,18,1995,دار العلم للملايين,غلاف ورقي,9953929181,1000973,0
35,ذو الرمة,صالح آغا,30,1998,دار العلم للملايين,غلاف ورقي,9953910472,1000802,0
36,سلسلة الطبخ العالمي : أطباق قليلة الدسم,صدوف كمال،سيما عثمان,13,2009,دار العلم للملايين,غلاف ورقي,9789953633565,1001001,0
37,إنتاج وتصميم الوسائل التعليمية,مجموعة من المؤلفين,82,2015,دار عالم الثقافة للنشر والتوزيع,غلاف كرتوني,9789957423926,1003678,0
38,التعلم عن طريق اللعب  : 100 لعبة تعليمية,وليد بني هاني,75,2017,دار عالم الثقافة للنشر والتوزيع,غلاف كرتوني,9789957730451,1003674,0
39,التربية الاجتماعية وأساليب تدريسها,محمد الطيطي,75,2015,دار عالم الثقافة للنشر والتوزيع,غلاف كرتوني,9789957423919,1003672,0
40,الغذاء... لا الدواء,صبري القباني,37,2011,دار العلم للملايين,غلاف كرتوني,9789953633718,1001061,0
41,فؤاد صروف 2-1,فؤاد صروف,63,1986,دار العلم للملايين,غلاف كرتوني,9953910154,1001928,0
42,100 سؤال وجواب : الجزء الثاني,هيئة التحرير في أكاديميا,22,غير متوفر,أكاديميا انترناشونال,غلاف ورقي,لا يوجد,3071094,0
43,سلسلة الطبخ العالمي : الطبخ الإندونيسي خطوة خطوة,صدوف كمال،سيما عثمان,13,1991,دار العلم للملايين,غلاف ورقي,9789953631868,1001016,0
44,سلسلة الطبخ العالمي : أطباق قليلة الدسم,صدوف كمال،سيما عثمان,13,2009,دار العلم للملايين,غلاف ورقي,9789953633565,1001001,0
45,ذو الرمة,صالح آغا,30,1998,دار العلم للملايين,غلاف ورقي,9953910472,1000802,0
46,فارس بني عبس,حسن القرشي,18,1995,دار العلم للملايين,غلاف ورقي,9953929181,1000973,0
47,100 سؤال وجواب : في تدريبات بناء الأجسام,محمد المندلاوي,20,2000,الدار العربية للعلوم ناشرون,غلاف ورقي,2844097758,3027602,0
48,بين السنة والإجتهاد,عبد المنعم النمر,22,1994,دار الكتاب اللبناني للطباعة والنشر والتوزيع,غلاف ورقي,لا يوجد,3029146,0
49,120 وصفة شهية للنحافة,"دعد عون, زهراء مرتضى",8,2009,دار الفراشة للطباعة والنشر والتوزيع / الأردن,غلاف ورقي,9789953154213,3071898,0
50,إدارة التغيير,عايد الخوالدة,71,2015,دار عالم الثقافة للنشر والتوزيع,غلاف كرتوني,9789957730628,1003664,0
51,100 سؤال وجواب : الجزء الأول,هيئة التحرير في أكاديميا,22,غير متوفر,أكاديميا انترناشونال,غلاف ورقي,لا يوجد,3071093,0
52,المختبر المدرسي ودوره في تدريس العلوم,جميل شاهين ، خولة حطاب,82,2008,دار عالم الثقافة للنشر والتوزيع,غلاف كرتوني,9789957360108,1003676,0
53,إعداد وتأهيل المعلم,مصطفى دعمس,65,2015,دار عالم الثقافة للنشر والتوزيع,غلاف كرتوني,9789957730093,1003667,0
54,استراتيجيات معاصرة في تدريس التربية الإسلامية : رؤية نظرية تطبيقية,مجموعة من المؤلفين,82,2015,دار عالم الثقافة للنشر والتوزيع,غلاف كرتوني,9789957730376,1003666,0
55,سلسلة الطبخ العالمي : المعجنات الشهية,صدوف كمال،سيما عثمان,13,2010,دار العلم للملايين,غلاف ورقي,9789953631189,1001048,0
56,سلسلة الطبخ العالمي : أطباق الكاري,صدوف كمال،سيما عثمان,13,2011,دار العلم للملايين,غلاف ورقي,9789953630120,1001026,0
57,سلسلة الطبخ العالمي : المشاوي الطبخ على الباربكيو,صدوف كمال،سيما عثمان,13,2010,دار العلم للملايين,غلاف ورقي,9789953630892,1001017,0
58,سلسلة الطبخ العالمي : الطبخ الإسباني خطوة خطوة,صدوف كمال،سيما عثمان,13,1990,دار العلم للملايين,غلاف ورقي,9789953631509,1001014,0
59,إدارة التجديد والإصلاح التربوي,عايد الخوالدة,67,2015,دار عالم الثقافة للنشر والتوزيع,غلاف كرتوني,9789957360542,1003663,0
60,تنمية المهارات والتفكير الابداعي في تعلم الرياضيات,عبد الإله طويق,75,2016,دار عالم الثقافة للنشر والتوزيع,غلاف كرتوني,9789957730062,1003682,0
61,التربية : قديمها وحديثها,فاخر عاقل,45,1985,دار العلم للملايين,غلاف كرتوني,9953925127,1000936,0
62,فارس بني عبس,حسن القرشي,18,1995,دار العلم للملايين,غلاف ورقي,9953929181,1000973,0
63,علم النفس الحديث,منير البعلبكي,16,1984,دار العلم للملايين,غلاف كرتوني,9953950024,1001163,0
64,سلسلة الطبخ العالمي : المشاوي الطبخ على الباربكيو,صدوف كمال،سيما عثمان,13,2010,دار العلم للملايين,غلاف ورقي,9789953630892,1001017,0
65,سلسلة الطبخ العالمي : المعكرونة السريعة,صدوف كمال،سيما عثمان,13,2009,دار العلم للملايين,غلاف ورقي,9789953631165,1001045,0
66,سلسلة الطبخ العالمي : الكاتو السريع,صدوف كمال،سيما عثمان,13,2011,دار العلم للملايين,غلاف ورقي,9789953630137,1001025,0
67,سلسلة ديوان النهضة : الشيخ الإمام محمد بن عبد الوهاب,أدونيس ، خالدة سعيد,18,1983,دار العلم للملايين,غلاف ورقي,9953909679,1000760,0
68,الإيحاء العقلي,أحمد حجازي,75,2011,دار عالم الثقافة للنشر والتوزيع,غلاف كرتوني,9799957423635,1003670,0
69,100 سؤال وجواب : الجزء الثاني,هيئة التحرير في أكاديميا,22,غير متوفر,أكاديميا انترناشونال,غلاف ورقي,لا يوجد,3071094,0
70,مآدب الطعام التنسيق الفني,كريستينا اسيديني لوشينات,123,2008,الدار العربية للعلوم ناشرون,غلاف كرتوني,9786140102040,3080981,0
71,American Foreign Policy & The Muslim World,Ishtiaq Hossain ، Mohsen M. Saleh,82,2009,al-Zaytouna Centre for Studies & Consultations,غلاف كرتوني,9789953500652,3072460,0
72,كيف تؤثر في الآخرين وتحصل على مطالبك - ملون,أيمن العريمي,19,2016,دار الأسرة للنشر والتوزيع,غلاف ورقي,9789957361624,1003850,0
73,مناهج التربية المهنية وإستراتيجات تدريسها وتقويمها,عمر محاسنة,71,2015,دار عالم الثقافة للنشر والتوزيع,غلاف كرتوني,9789957730791,1003684,0
74,100 سؤال وجواب : في تدريبات بناء الأجسام,محمد المندلاوي,20,2000,الدار العربية للعلوم ناشرون,غلاف ورقي,2844097758,3027602,0
75,A TIME TO GIVE,Mennah I.Bakkar,18,2007,"Arab Scientific Publishers, Inc.",Paperback,9789953292250,3061618,0
76,2007 Microsoft Office System بلمحة,جيري جويس ، ماريان مون,52,2007,الدار العربية للعلوم ناشرون,غلاف ورقي,9789953871028,3064183,0
77,Les Livres en Français Butterfly - Niveau 1 : Compter Avec les Animaux,لا يوجد,13,غير متوفر,مكتبة لبنان ناشرون,Paperback,لا يوجد,3043079,0
78,15 Arabic short stories,MAHA H. MALHAS,30,2005,الدار العربية للموسوعات,غلاف ورقي,لا يوجد,3083466,0
79,إنتاج وتصميم الوسائل التعليمية,مجموعة من المؤلفين,82,2015,دار عالم الثقافة للنشر والتوزيع,غلاف كرتوني,9789957423926,1003678,0
80,التعلم عن طريق اللعب  : 100 لعبة تعليمية,وليد بني هاني,75,2017,دار عالم الثقافة للنشر والتوزيع,غلاف كرتوني,9789957730451,1003674,0
81,إدارة التجديد والإصلاح التربوي,عايد الخوالدة,67,2015,دار عالم الثقافة للنشر والتوزيع,غلاف كرتوني,9789957360542,1003663,0
82,عمر ابن أبي ربيعة 1-3,جبرائيل جبور,82,1981,دار العلم للملايين,غلاف كرتوني,9953909431,1000750,0
83,مواجهة ظاهرة العنف في المدارس والجامعات,علي القراله,71,2017,دار عالم الثقافة للنشر والتوزيع,غلاف كرتوني,9789957730789,1003685,0
84,A Key to Another World : Kharareef from the United Arab Emirates,Iwana  Drozd,101,2008,دائرة الثقافة والسياحة,paperback,9789948012320,3084577,0
85,بين السنة والإجتهاد,عبد المنعم النمر,22,1994,دار الكتاب اللبناني للطباعة والنشر والتوزيع,غلاف ورقي,لا يوجد,3029146,0
86,100 سؤال وجواب : الجزء الرابع,هيئة التحرير في أكاديميا,22,غير متوفر,أكاديميا انترناشونال,غلاف ورقي,لا يوجد,3071096,0
87,100 سؤال وجواب : في تدريبات بناء الأجسام,محمد المندلاوي,20,2000,الدار العربية للعلوم ناشرون,غلاف ورقي,2844097758,3027602,0
88,120 وصفة شهية لضغط الدم,سارة نصر,10,2010,دار الفراشة للطباعة والنشر والتوزيع / الأردن,غلاف ورقي,9789953154947,3078658,0
89,120 وصفة شهية للنحافة,"دعد عون, زهراء مرتضى",8,2009,دار الفراشة للطباعة والنشر والتوزيع / الأردن,غلاف ورقي,9789953154213,3071898,0
90,2000 مسألة محلولة في الإلكترونيات,جيمي كايثي,82,2000,أكاديميا انترناشونال,غلاف ورقي,9789953371474,3028619,0
91,2007 Microsoft Office System بلمحة,جيري جويس ، ماريان مون,52,2007,الدار العربية للعلوم ناشرون,غلاف ورقي,9789953871028,3064183,0
92,24 قاعدة لتصبح مندوب المبيعات الناجح,بيتر هوفمان,10,1996,الدار العربية للعلوم ناشرون,غلاف ورقي,2844098134,3020625,0
93,33 عاملاً 69 يوماً 688 متراً تحت الأرض : محنة عمال منجم تشيلي القصة الكاملة,جوناثان فراكلين,48,2011,الدار العربية للعلوم ناشرون,غلاف ورقي,9786140102859,3082626,0
94,Allah The Creator,Zeina Khayat,18,2004,"Arab Scientific Publishers, Inc.",Hardback,9953296456,3052816,0
95,America And The Fight Against Terrorism,Muhammad Salem,3,2003,Dar Al Fikr Al Moaser,Paperback,1592390927,3041691,0
96,Anahid's Gourmet Cookbook,Anahid Donikian,142,2006,academia international,Hardcover,9789953373478,3061059,0
97,Classique de Poche : L’avare,Moliere,8,2005,مكتبة لبنان ناشرون,Paperback,9953335605,3053851,0
98,Behind The Veil,Hadeel E. Shaikh,18,2009,"Arab Scientific Publishers, Inc.",Paperback,9789953878027,3073913,0
99,Learn to Calculate,لا يوجد,22,2007,academia international,Paperback,9953374155,3062878,0
100,شخصيات من القرآن الكريم : فرنسي - شاموا,عائض القرني,26,2008,دار ابن حزم للطباعة والنشر والتوزيع,غلاف كرتوني,9789953816777,3076246,0
101,e-Travel : دليل السياحة والسفر إلكترونياً,مارك أروول,30,2001,الدار العربية للعلوم ناشرون,غلاف ورقي,2844091687,3029369,0
102,Institut Français d'Archéologie Orientale : Française Au Caire 2 Vols,لا يوجد,363,غير متوفر,مكتبة لبنان ناشرون,Paperback,لا يوجد,3043732,0
103,Modern Reader,مجموعة من المختصين,5,غير متوفر,دار الجيل للطباعة والنشر والتوزيع,غلاف ورقي,لا يوجد,3012545,0
104,I Am A Little Moslem,Mennah Bakkar,18,2007,"Arab Scientific Publishers, Inc.",Paperback,9789953292236,3061625,0
105,Introduction Elêmentaire Au Droit,Mohamed Badreddine,37,2008,دار المنهل اللبناني للطباعة والنشر / لبنان,غلاف ورقي,لا يوجد,3066197,0
106,JavaScript : خطوة.. خطوة,ستيف سوهرينغ,78,2008,الدار العربية للعلوم ناشرون,غلاف ورقي,9789953873077,3067588,0
107,Les Livres en Français Butterfly - Niveau 1 : Je joue Avec l’alphabet,لا يوجد,13,غير متوفر,مكتبة لبنان ناشرون,Paperback,لا يوجد,3043084,0
108,La Cocina Arabe : Paso Por Paso,"Lina Baydon , Nada Hallawi",75,2001,"Arab Scientific Publishers, Inc.",Hardback,2844094570,3029491,0
109,Histoires Du Monde Arabe : La Courge Magique,لا يوجد,13,غير متوفر,مكتبة لبنان ناشرون,Paperback,لا يوجد,3043099,0
110,York Notes : Le Père Goriot,H. Balzac,18,غير متوفر,مكتبة لبنان ناشرون,Paperback,لا يوجد,3043452,0
111,Le Régime Juridique des Banques en Etat de Cessation de Paiements,Soumrani,61,غير متوفر,مكتبة لبنان ناشرون,Paperback,لا يوجد,3043687,0
112,Les Livres en Français Butterfly - Niveau 1 : Les Formes NYP,لا يوجد,13,غير متوفر,مكتبة لبنان ناشرون,Paperback,لا يوجد,3043082,0
113,Les Yézidis de Syrie et du Djebel Sindjar,Lescot,82,غير متوفر,مكتبة لبنان ناشرون,Paperback,لا يوجد,3043705,0
114,Luxor Guide de l’Ancienne Thebes,Kamil,11,غير متوفر,مكتبة لبنان ناشرون,Paperback,لا يوجد,3043842,0
115,الدليل الكامل للعناية الشخصية,فيليب هاجن,56,2000,الدار العربية للعلوم ناشرون,غلاف ورقي,2844092861,3027340,0
116,حول الوزن الصحي,دونالد هنسرود,24,2001,الدار العربية للعلوم ناشرون,غلاف ورقي,2844092942,3031998,0
117,وزن سليم مدى الحياة,مايو كلينك,6,2000,الدار العربية للعلوم ناشرون,غلاف ورقي,2844092896,3027438,0
118,Learn to Observe,لا يوجد,22,2007,academia international,Paperback,9953374163,3062879,0
119,555 طريقة ووصية لتصبح مدرباَ ناجحاَ وخطيباَ مؤثراَ ومتكلماَ بارعاَ,علي الحمادي,12,2000,دار ابن حزم للطباعة والنشر والتوزيع,غلاف ورقي,لا يوجد,3076165,0
120,THIRD Collection : Naughty Mr. Wolf,لا يوجد,37,2001,دار الكتاب اللبناني للطباعة والنشر والتوزيع,غلاف ورقي,لا يوجد,3062602,0
121,The Gullible Camel,Mohammed Badawi,18,2010,academia international,Paperback,9789953376561,3080571,0
122,The Life Of the Prophet : 1-10,إبراهيم الابياري,93,1997,دار الكتاب اللبناني للطباعة والنشر والتوزيع,غلاف ورقي,لا يوجد,3064094,0
123,Les Livres en Français Butterfly - Niveau 1 : Compter Avec les Animaux,لا يوجد,13,غير متوفر,مكتبة لبنان ناشرون,Paperback,لا يوجد,3043079,0
124,"The Pigeon, the Fox and the Heron",Mohammed Badawi,18,2010,academia international,Paperback,9789953376554,3080573,0
125,أمراء الشعر العربي في العصر العباسي,أنيس المقدسي,37,2008,دار العلم للملايين,غلاف ورقي,9789953909035,1000734,0
126,أصول علم النفس وتطبيقاته,فاخر عاقل,28,1989,دار العلم للملايين,غلاف ورقي,9953927030,1000959,0
127,فارس بني عبس,حسن القرشي,18,1995,دار العلم للملايين,غلاف ورقي,9953929181,1000973,0
128,سلسلة الطبخ العالمي : أطباق قليلة الدسم,صدوف كمال،سيما عثمان,13,2009,دار العلم للملايين,غلاف ورقي,9789953633565,1001001,0
129,المقبلات اللبنانية : المازة,صدوف كمال، سيما عثمان,13,2010,دار العلم للملايين,غلاف ورقي,9789953635347,1001008,0
130,سلسلة الطبخ العالمي : الطبخ الإندونيسي خطوة خطوة,صدوف كمال،سيما عثمان,13,1991,دار العلم للملايين,غلاف ورقي,9789953631868,1001016,0
131,التعلم عن طريق اللعب  : 100 لعبة تعليمية,وليد بني هاني,75,2017,دار عالم الثقافة للنشر والتوزيع,غلاف كرتوني,9789957730451,1003674,0
132,تنمية المهارات والتفكير الابداعي في تعلم الرياضيات,عبد الإله طويق,75,2016,دار عالم الثقافة للنشر والتوزيع,غلاف كرتوني,9789957730062,1003682,0
133,سلسلة الطبخ العالمي : الكاتو السريع,صدوف كمال،سيما عثمان,13,2011,دار العلم للملايين,غلاف ورقي,9789953630137,1001025,0
134,سلسلة الطبخ العالمي : المعجنات الشهية,صدوف كمال،سيما عثمان,13,2010,دار العلم للملايين,غلاف ورقي,9789953631189,1001048,0
135,سلسلة الطبخ العالمي : الطبخ النباتي : وصفات صحية شرقية من دون لحم,صدوف كمال،سيما عثمان,13,2003,دار العلم للملايين,غلاف ورقي,9789953630144,1001053,0
136,الغذاء... لا الدواء,صبري القباني,37,2011,دار العلم للملايين,غلاف كرتوني,9789953633718,1001061,0
137,التربية البيئية,مجموعة من المؤلفين,67,2011,دار عالم الثقافة للنشر والتوزيع,غلاف كرتوني,9789957361365,1003673,0
138,إعداد وتأهيل المعلم,مصطفى دعمس,65,2015,دار عالم الثقافة للنشر والتوزيع,غلاف كرتوني,9789957730093,1003667,0
139,الإيحاء العقلي,أحمد حجازي,75,2011,دار عالم الثقافة للنشر والتوزيع,غلاف كرتوني,9799957423635,1003670,0
140,120 وصفة شهية لضغط الدم,سارة نصر,10,2010,دار الفراشة للطباعة والنشر والتوزيع / الأردن,غلاف ورقي,9789953154947,3078658,0
141,التعلم عن طريق اللعب  : 100 لعبة تعليمية,وليد بني هاني,75,2017,دار عالم الثقافة للنشر والتوزيع,غلاف كرتوني,9789957730451,1003674,0
142,100 سؤال وجواب : الجزء الثاني,هيئة التحرير في أكاديميا,22,غير متوفر,أكاديميا انترناشونال,غلاف ورقي,لا يوجد,3071094,0
143,تلميذ العلوم المبتكر : ابنك صانع ، ابنك مبتكر,زياد مناصرة,75,2016,دار عالم الثقافة للنشر والتوزيع,غلاف كرتوني,9789957730840,1003681,0
144,إدارة التجديد والإصلاح التربوي,عايد الخوالدة,67,2015,دار عالم الثقافة للنشر والتوزيع,غلاف كرتوني,9789957360542,1003663,0
145,إدارة التغيير,عايد الخوالدة,71,2015,دار عالم الثقافة للنشر والتوزيع,غلاف كرتوني,9789957730628,1003664,0
146,مواجهة ظاهرة العنف في المدارس والجامعات,علي القراله,71,2017,دار عالم الثقافة للنشر والتوزيع,غلاف كرتوني,9789957730789,1003685,0
147,كيف تؤثر في الآخرين وتحصل على مطالبك - ملون,أيمن العريمي,19,2016,دار الأسرة للنشر والتوزيع,غلاف ورقي,9789957361624,1003850,0
148,بين السنة والإجتهاد,عبد المنعم النمر,22,1994,دار الكتاب اللبناني للطباعة والنشر والتوزيع,غلاف ورقي,لا يوجد,3029146,0
149,100 سؤال وجواب : الجزء الأول,هيئة التحرير في أكاديميا,22,غير متوفر,أكاديميا انترناشونال,غلاف ورقي,لا يوجد,3071093,0
150,سلسلة ديوان النهضة : الشيخ الإمام محمد بن عبد الوهاب,أدونيس ، خالدة سعيد,18,1983,دار العلم للملايين,غلاف ورقي,9953909679,1000760,0
151,120 نصيحة لأوجاع الرأس,جان لو ديرفو,10,2007,دار الفراشة للطباعة والنشر والتوزيع / الأردن,غلاف ورقي,9789953153124,3062541,0
152,120 وصفة شهية للنحافة,"دعد عون, زهراء مرتضى",8,2009,دار الفراشة للطباعة والنشر والتوزيع / الأردن,غلاف ورقي,9789953154213,3071898,0
153,e-Travel : دليل السياحة والسفر إلكترونياً,مارك أروول,30,2001,الدار العربية للعلوم ناشرون,غلاف ورقي,2844091687,3029369,0
154,2007 Microsoft Office System بلمحة,جيري جويس ، ماريان مون,52,2007,الدار العربية للعلوم ناشرون,غلاف ورقي,9789953871028,3064183,0
155,مطابخ القرن 21,ستيفن كرافتي,93,2011,الدار العربية للعلوم ناشرون,غلاف كرتوني,9786140102019,3080977,0
156,Behind The Veil,Hadeel E. Shaikh,18,2009,"Arab Scientific Publishers, Inc.",Paperback,9789953878027,3073913,0
157,555 طريقة ووصية لتصبح مدرباَ ناجحاَ وخطيباَ مؤثراَ ومتكلماَ بارعاَ,علي الحمادي,12,2000,دار ابن حزم للطباعة والنشر والتوزيع,غلاف ورقي,لا يوجد,3076165,0
158,America And The Fight Against Terrorism,Muhammad Salem,3,2003,Dar Al Fikr Al Moaser,Paperback,1592390927,3041691,0
159,American Foreign Policy & The Muslim World,Ishtiaq Hossain ، Mohsen M. Saleh,82,2009,al-Zaytouna Centre for Studies & Consultations,غلاف كرتوني,9789953500652,3072460,0
160,La vie du Prophete Pour Ibn Hisham : 1-10,Ibn Hisham,93,1990,دار الكتاب اللبناني للطباعة والنشر والتوزيع,غلاف ورقي,لا يوجد,3064093,0
161,15 Arabic short stories,MAHA H. MALHAS,30,2005,الدار العربية للموسوعات,غلاف ورقي,لا يوجد,3083466,0
162,Learn to Calculate,لا يوجد,22,2007,academia international,Paperback,9953374155,3062878,0
163,Les Livres en Français Butterfly - Niveau 1 : Compter Avec les Animaux,لا يوجد,13,غير متوفر,مكتبة لبنان ناشرون,Paperback,لا يوجد,3043079,0
164,e-Travel : دليل السياحة والسفر إلكترونياً,مارك أروول,30,2001,الدار العربية للعلوم ناشرون,غلاف ورقي,2844091687,3029369,0
165,Fairuz and the King of elephants,Mohammed Badawi,18,2010,academia international,Paperback,9789953376608,3080576,0
166,Gcse Arabic Essential Vocabulary List,Zeina Khayat,18,2004,"Arab Scientific Publishers, Inc.",Paperback,9953296324,3052267,0
167,Hurray It's Ramadan,Mennah Bakkar,18,2007,"Arab Scientific Publishers, Inc.",Paperback,9789953292267,3061624,0
168,Introduction Elêmentaire Au Droit,Mohamed Badreddine,37,2008,دار المنهل اللبناني للطباعة والنشر / لبنان,غلاف ورقي,لا يوجد,3066197,0
169,Introduction to Economics & Banking from an islamic perspective,Anwar Soubra,48,2009,عالم الكتب للطباعة والنشر والتوزيع,غلاف ورقي,لا يوجد,3078808,0
170,Les Livres en Français Butterfly - Niveau 1 : Je joue Avec l’alphabet,لا يوجد,13,غير متوفر,مكتبة لبنان ناشرون,Paperback,لا يوجد,3043084,0
171,"Koby, The Smart Lark",Mohammed Badawi,18,2010,academia international,Paperback,9789953376592,3080572,0
172,Histoires Du Monde Arabe : La Courge Magique,لا يوجد,13,غير متوفر,مكتبة لبنان ناشرون,Paperback,لا يوجد,3043099,0
173,La République Libanaise Et Ses Relations Extérieures : 2 vols,Abou Fadel / Malha,181,غير متوفر,مكتبة لبنان ناشرون,Paperback,لا يوجد,3043683,0
174,Souffles sans age,رشال شدياق,37,2011,دار الجيل للطباعة والنشر والتوزيع,غلاف ورقي,9789953783215,3081603,0
175,York Notes : L’enfant Noir,Camara Laye,18,غير متوفر,مكتبة لبنان ناشرون,Paperback,لا يوجد,3043474,0
176,Les Yézidis de Syrie et du Djebel Sindjar,Lescot,82,غير متوفر,مكتبة لبنان ناشرون,Paperback,لا يوجد,3043705,0
177,Let's Pray,Mennah Bakkar,18,2007,"Arab Scientific Publishers, Inc.",Paperback,9953292248,3061619,0
178,الدليل الكامل للعناية الشخصية,فيليب هاجن,56,2000,الدار العربية للعلوم ناشرون,غلاف ورقي,2844092861,3027340,0
179,حول الألم المزمن,دايفيد سوانسون,18,2000,الدار العربية للعلوم ناشرون,غلاف ورقي,2844097006,3028117,0
180,وزن سليم مدى الحياة,مايو كلينك,6,2000,الدار العربية للعلوم ناشرون,غلاف ورقي,2844092896,3027438,0
181,عمر ابن أبي ربيعة 1-3,جبرائيل جبور,82,1981,دار العلم للملايين,غلاف كرتوني,9953909431,1000750,0
182,Classique de Poche : Pensées Morceaux Choisis,Blaise Pascal,8,2005,مكتبة لبنان ناشرون,Paperback,9953335559,3053855,0
183,Reflections On The Biography Of Prophet Muhammad Peace Be Upon Him,Muhammad Shaarawi,37,2010,Al-Maktaba al-Assriya,Hardback,9789953349862,3077124,0
184,Sisters We Just Started : An Analysis Of Un Decade For Women,Fawzia Hassouna,18,2003,"Arab Scientific Publishers, Inc.",Paperback,9953297398,3047668,0
185,Souffles sans age,رشال شدياق,37,2011,دار الجيل للطباعة والنشر والتوزيع,غلاف ورقي,9789953783215,3081603,0
186,SECOND Collection :WoodLand Friends.,ليلى كرم الدين,37,2002,دار الكتاب اللبناني للطباعة والنشر والتوزيع,غلاف ورقي,لا يوجد,3062599,0
187,SEVENTH Collection :THE Rescue Series,لا يوجد,37,2002,دار الكتاب اللبناني للطباعة والنشر والتوزيع,غلاف ورقي,لا يوجد,3062600,0
188,The Fish in the Pond,Mohammed Badawi,18,2010,academia international,Paperback,9789953376585,3080574,0
189,Classique de Poche : Tartuffe,Moliere,8,2005,مكتبة لبنان ناشرون,Paperback,995333563X,3053854,0
190,The Palestinian Strategic Report 2006,Mohsen M. Saleh,93,2010,al-Zaytouna Centre for Studies & Consultations,غلاف كرتوني,9789953500669,3078048,0
191,The Palestinian Strategic Report 2007,Mohsen M. Saleh,93,2010,al-Zaytouna Centre for Studies & Consultations,غلاف كرتوني,9789953500676,3078049,0
192,"The Pigeon, the Fox and the Heron",Mohammed Badawi,18,2010,academia international,Paperback,9789953376554,3080573,0
193,The Political Views of The Palestinian Refugees in Lebanon As Reflected in May 2006,"Mohsen M. Saleh , Ziad Al-Hasan",15,2009,al-Zaytouna Centre for Studies & Consultations,غلاف ورقي,9789953500645,3071126,0
194,سلسلة أعلام التصوف : أبن سبعين,سميح الزين,15,1988,دار الكتاب اللبناني للطباعة والنشر والتوزيع,غلاف ورقي,لا يوجد,3029320,0
195,اغتيالات غيرت مجرى التاريخ,سانشيتا سينها ، مفضل خمري,26,2007,الدار العربية للعلوم ناشرون,غلاف ورقي,9789953871936,3065031,0
196,York Spelling Dictionary : English,David Firnberg,24,1998,مكتبة لبنان ناشرون,Paperback,لا يوجد,3042241,0
197,ابتسم أنت لبناني,يحيى جابر,11,1997,رياض الريس للكتب والنشر,غلاف ورقي,لا يوجد,3003785,0
198,ابن المعتز وتراثه في الأدب والنقد والبيان,محمد خفاجي,58,1991,دار الجيل للطباعة والنشر والتوزيع,غلاف كرتوني,لا يوجد,3009957,0
199,ابن خلدون وتاريخيته,عزيز العظمة,20,1987,دار الطليعة للطباعة والنشر,غلاف ورقي,لا يوجد,3018262,0
